[
  {
    "inputs": [],
    "stateMutability": "nonpayable",
    "type": "constructor"
  },
  {
    "anonymous": false,
    "inputs":
    [
      {
        "indexed": false,
        "internalType": "uint256",
        "name": "actionId",
        "type": "uint256"
      },
      {
        "indexed": false,
        "internalType": "address",
        "name": "to",
        "type": "address"
      },
      {
        "indexed": false,
        "internalType": "uint256",
        "name": "amount",
        "type": "uint256"
      },
      {
        "indexed": false,
        "internalType": "uint256",
        "name": "timestamp",
        "type": "uint256"
      }
    ],
    "name": "BridgeTransferCompleted",
    "type": "event"
  },
  {
    "anonymous": false,
    "inputs":
    [
      {
        "indexed": false,
        "internalType": "bytes[]",
        "name": "txRevertTransaction",
        "type": "bytes[]"
      }
    ],
    "name": "RevertedReq",
    "type": "event"
  },
  {
    "inputs": [],
    "name": "WINDOW_DEPOSIT_LIMIT",
    "outputs":
    [
      {
        "internalType": "uint256",
        "name": "",
        "type": "uint256"
      }
    ],
    "stateMutability": "view",
    "type": "function"
  },
  {
    "inputs": [],
    "name": "WINDOW_SIZE",
    "outputs":
    [
      {
        "internalType": "uint256",
        "name": "",
        "type": "uint256"
      }
    ],
    "stateMutability": "view",
    "type": "function"
  },
  {
    "inputs":
    [
      {
        "internalType": "bytes32",
        "name": "txnHash",
        "type": "bytes32"
      }
    ],
    "name": "completedBridgeReq",
    "outputs":
    [
      {
        "internalType": "bool",
        "name": "completed",
        "type": "bool"
      }
    ],
    "stateMutability": "view",
    "type": "function"
  },
  {
    "inputs":
    [
      {
        "internalType": "bytes",
        "name": "sig",
        "type": "bytes"
      },
      {
        "internalType": "bytes",
        "name": "txn",
        "type": "bytes"
      }
    ],
    "name": "executeMessage",
    "outputs": [],
    "stateMutability": "nonpayable",
    "type": "function"
  },
  {
    "inputs": [],
    "name": "owner",
    "outputs":
    [
      {
        "internalType": "address",
        "name": "",
        "type": "address"
      }
    ],
    "stateMutability": "view",
    "type": "function"
  },
  {
    "inputs": [],
    "name": "sendFunds",
    "outputs":
    [
      {
        "internalType": "address",
        "name": "",
        "type": "address"
      }
    ],
    "stateMutability": "payable",
    "type": "function"
  },
  {
    "inputs":
    [
      {
        "internalType": "bytes32",
        "name": "txnHash",
        "type": "bytes32"
      }
    ],
    "name": "sigBuffer",
    "outputs":
    [
      {
        "internalType": "uint256",
        "name": "numOfSigners",
        "type": "uint256"
      }
    ],
    "stateMutability": "view",
    "type": "function"
  },
  {
    "inputs":
    [
      {
        "internalType": "address",
        "name": "",
        "type": "address"
      }
    ],
    "name": "sigCommittee",
    "outputs":
    [
      {
        "internalType": "bool",
        "name": "",
        "type": "bool"
      }
    ],
    "stateMutability": "view",
    "type": "function"
  },
  {
    "inputs": [],
    "name": "sigCommitteeSize",
    "outputs":
    [
      {
        "internalType": "uint256",
        "name": "",
        "type": "uint256"
      }
    ],
    "stateMutability": "view",
    "type": "function"
  },
  {
    "inputs":
    [
      {
        "internalType": "bytes32",
        "name": "txnHash",
        "type": "bytes32"
      },
      {
        "internalType": "address",
        "name": "",
        "type": "address"
      }
    ],
    "name": "txnState",
    "outputs":
    [
      {
        "internalType": "bool",
        "name": "",
        "type": "bool"
      }
    ],
    "stateMutability": "view",
    "type": "function"
  },
  {
    "inputs":
    [
      {
        "internalType": "address",
        "name": "member",
        "type": "address"
      },
      {
        "internalType": "bool",
        "name": "state",
        "type": "bool"
      }
    ],
    "name": "updateCommittee",
    "outputs": [],
    "stateMutability": "nonpayable",
    "type": "function"
  },
  {
    "inputs":
    [
      {
        "internalType": "uint256",
        "name": "amount",
        "type": "uint256"
      }
    ],
    "name": "withdrawFunds",
    "outputs": [],
    "stateMutability": "nonpayable",
    "type": "function"
  },
  {
    "stateMutability": "payable",
    "type": "receive"
  }
]