[
  {
    "inputs": [],
    "stateMutability": "nonpayable",
    "type": "constructor"
  },
  {
    "anonymous": false,
    "inputs":
    [
      {
        "indexed": true,
        "internalType": "uint256",
        "name": "emitId",
        "type": "uint256"
      },
      {
        "indexed": true,
        "internalType": "address",
        "name": "from",
        "type": "address"
      },
      {
        "indexed": true,
        "internalType": "uint256",
        "name": "timestamp",
        "type": "uint256"
      },
      {
        "indexed": false,
        "internalType": "bytes[]",
        "name": "txBridgeTransactionBytes",
        "type": "bytes[]"
      }
    ],
    "name": "BridgeTxReq",
    "type": "event"
  },
  {
    "anonymous": false,
    "inputs":
    [
      {
        "indexed": false,
        "internalType": "uint256",
        "name": "actionId",
        "type": "uint256"
      },
      {
        "indexed": false,
        "internalType": "address",
        "name": "from",
        "type": "address"
      },
      {
        "indexed": false,
        "internalType": "uint256",
        "name": "amount",
        "type": "uint256"
      },
      {
        "indexed": false,
        "internalType": "uint256",
        "name": "timestamp",
        "type": "uint256"
      }
    ],
    "name": "RevertCompleted",
    "type": "event"
  },
  {
    "inputs": [],
    "name": "CONVERSION_DECIMALS",
    "outputs":
    [
      {
        "internalType": "uint256",
        "name": "",
        "type": "uint256"
      }
    ],
    "stateMutability": "view",
    "type": "function"
  },
  {
    "inputs": [],
    "name": "WINDOW_DEPOSIT_LIMIT",
    "outputs":
    [
      {
        "internalType": "uint256",
        "name": "",
        "type": "uint256"
      }
    ],
    "stateMutability": "view",
    "type": "function"
  },
  {
    "inputs": [],
    "name": "WINDOW_SIZE",
    "outputs":
    [
      {
        "internalType": "uint256",
        "name": "",
        "type": "uint256"
      }
    ],
    "stateMutability": "view",
    "type": "function"
  },
  {
    "inputs": [],
    "name": "actionId",
    "outputs":
    [
      {
        "internalType": "uint256",
        "name": "",
        "type": "uint256"
      }
    ],
    "stateMutability": "view",
    "type": "function"
  },
  {
    "inputs":
    [
      {
        "internalType": "bytes32",
        "name": "txnHash",
        "type": "bytes32"
      }
    ],
    "name": "completedBridgeReq",
    "outputs":
    [
      {
        "internalType": "bool",
        "name": "completed",
        "type": "bool"
      }
    ],
    "stateMutability": "view",
    "type": "function"
  },
  {
    "inputs":
    [
      {
        "internalType": "uint256",
        "name": "",
        "type": "uint256"
      }
    ],
    "name": "conversionRates",
    "outputs":
    [
      {
        "internalType": "uint256",
        "name": "",
        "type": "uint256"
      }
    ],
    "stateMutability": "view",
    "type": "function"
  },
  {
    "inputs": [],
    "name": "emitId",
    "outputs":
    [
      {
        "internalType": "uint256",
        "name": "",
        "type": "uint256"
      }
    ],
    "stateMutability": "view",
    "type": "function"
  },
  {
    "inputs": [],
    "name": "owner",
    "outputs":
    [
      {
        "internalType": "address",
        "name": "",
        "type": "address"
      }
    ],
    "stateMutability": "view",
    "type": "function"
  },
  {
    "inputs":
    [
      {
        "components":
        [
          {
            "internalType": "address",
            "name": "foreignAddress",
            "type": "address"
          },
          {
            "internalType": "uint256",
            "name": "foreignChainId",
            "type": "uint256"
          },
          {
            "internalType": "uint256",
            "name": "amount",
            "type": "uint256"
          },
          {
            "internalType": "uint256",
            "name": "revertPeriod",
            "type": "uint256"
          }
        ],
        "internalType": "struct BridgeTx.BridgeTransfer[]",
        "name": "txns",
        "type": "tuple[]"
      }
    ],
    "name": "postMessage",
    "outputs":
    [
      {
        "internalType": "uint256",
        "name": "",
        "type": "uint256"
      }
    ],
    "stateMutability": "payable",
    "type": "function"
  },
  {
    "inputs":
    [
      {
        "internalType": "bytes",
        "name": "sig",
        "type": "bytes"
      },
      {
        "internalType": "bytes",
        "name": "txn",
        "type": "bytes"
      }
    ],
    "name": "revertTransaction",
    "outputs": [],
    "stateMutability": "nonpayable",
    "type": "function"
  },
  {
    "inputs": [],
    "name": "revertedAmoutTillNow",
    "outputs":
    [
      {
        "internalType": "uint256",
        "name": "",
        "type": "uint256"
      }
    ],
    "stateMutability": "view",
    "type": "function"
  },
  {
    "inputs":
    [
      {
        "internalType": "bytes32",
        "name": "txnHash",
        "type": "bytes32"
      }
    ],
    "name": "sigBuffer",
    "outputs":
    [
      {
        "internalType": "uint256",
        "name": "numOfSigners",
        "type": "uint256"
      }
    ],
    "stateMutability": "view",
    "type": "function"
  },
  {
    "inputs":
    [
      {
        "internalType": "address",
        "name": "",
        "type": "address"
      }
    ],
    "name": "sigCommittee",
    "outputs":
    [
      {
        "internalType": "bool",
        "name": "",
        "type": "bool"
      }
    ],
    "stateMutability": "view",
    "type": "function"
  },
  {
    "inputs": [],
    "name": "sigCommitteeSize",
    "outputs":
    [
      {
        "internalType": "uint256",
        "name": "",
        "type": "uint256"
      }
    ],
    "stateMutability": "view",
    "type": "function"
  },
  {
    "inputs":
    [
      {
        "internalType": "bytes32",
        "name": "txnHash",
        "type": "bytes32"
      },
      {
        "internalType": "address",
        "name": "",
        "type": "address"
      }
    ],
    "name": "txnState",
    "outputs":
    [
      {
        "internalType": "bool",
        "name": "",
        "type": "bool"
      }
    ],
    "stateMutability": "view",
    "type": "function"
  },
  {
    "inputs":
    [
      {
        "internalType": "address",
        "name": "member",
        "type": "address"
      },
      {
        "internalType": "bool",
        "name": "state",
        "type": "bool"
      }
    ],
    "name": "updateCommittee",
    "outputs": [],
    "stateMutability": "nonpayable",
    "type": "function"
  },
  {
    "inputs":
    [
      {
        "internalType": "uint256",
        "name": "amount",
        "type": "uint256"
      }
    ],
    "name": "withdrawFunds",
    "outputs": [],
    "stateMutability": "nonpayable",
    "type": "function"
  }
]